{"count":1,"self":561.21159679999994,"total":1130.1909358999999,"children":{"InitializeActuators":{"count":1,"self":0.0065753999999999995,"total":0.0065753999999999995,"children":null},"InitializeSensors":{"count":1,"self":0.0072511,"total":0.0072511,"children":null},"AgentSendState":{"count":513401,"self":9.006511999999999,"total":12.422811699999999,"children":{"CollectObservations":{"count":51341,"self":0.11021819999999999,"total":0.11021819999999999,"children":null},"WriteActionMask":{"count":51341,"self":0.0992692,"total":0.0992692,"children":null},"RequestDecision":{"count":51341,"self":0.6165892,"total":3.2068122999999997,"children":{"AgentInfo.ToProto":{"count":51341,"self":0.8952977,"total":2.5902230999999998,"children":{"GenerateSensorData":{"count":51341,"self":1.4925064,"total":1.6949254,"children":{"RayPerceptionSensor.Perceive":{"count":51341,"self":0.202419,"total":0.202419,"children":null}}}}}}}}},"DecideAction":{"count":513401,"self":548.72089599999993,"total":548.7208711,"children":null},"AgentAct":{"count":513401,"self":7.8068656,"total":7.8188248,"children":{"AgentInfo.ToProto":{"count":252,"self":0.0049911999999999995,"total":0.011958799999999999,"children":{"GenerateSensorData":{"count":252,"self":0.0040105,"total":0.0069676,"children":{"RayPerceptionSensor.Perceive":{"count":252,"self":0.0029571,"total":0.0029571,"children":null}}}}}}}},"gauges":{"ChaserAgent.CumulativeReward":{"count":252,"max":17,"min":0,"runningAverage":3.98809576,"value":1.5,"weightedAverage":4.143445}},"metadata":{"timer_format_version":"0.1.0","start_time_seconds":"1686603205","unity_version":"2021.3.23f1","command_line_arguments":"C:\\Program Files\\Unity\\Hub\\Editor\\2021.3.23f1\\Editor\\Unity.exe -projectpath C:\\Users\\Gebruiker\\Desktop\\NewMain -useHub -hubIPC -cloudEnvironment production -licensingIpc LicenseClient-Gebruiker -hubSessionId d120674a-acd7-40df-886e-5078ac586d05 -accessToken I6ZsW3jPpvPWtwTzpMzucZ62LqJZ60e31z4m9B84AAk012f","communication_protocol_version":"1.5.0","com.unity.ml-agents_version":"2.0.1","scene_name":"TestMl_agents","end_time_seconds":"1686604335"}}