{
    "name": "root",
    "gauges": {
        "ChaserAgent.Policy.Entropy.mean": {
            "value": 0.7401267290115356,
            "min": 0.7290499210357666,
            "max": 0.7751494646072388,
            "count": 4
        },
        "ChaserAgent.Policy.Entropy.sum": {
            "value": 3662.88720703125,
            "min": 3239.89794921875,
            "max": 3906.753173828125,
            "count": 4
        },
        "ChaserAgent.Environment.EpisodeLength.mean": {
            "value": 98.6938775510204,
            "min": 66.38461538461539,
            "max": 98.6938775510204,
            "count": 4
        },
        "ChaserAgent.Environment.EpisodeLength.sum": {
            "value": 4836.0,
            "min": 4315.0,
            "max": 4864.0,
            "count": 4
        },
        "ChaserAgent.Step.mean": {
            "value": 764946.0,
            "min": 749976.0,
            "max": 764946.0,
            "count": 4
        },
        "ChaserAgent.Step.sum": {
            "value": 764946.0,
            "min": 749976.0,
            "max": 764946.0,
            "count": 4
        },
        "ChaserAgent.Policy.ExtrinsicValueEstimate.mean": {
            "value": 1.5441879034042358,
            "min": 1.4003803730010986,
            "max": 1.8240666389465332,
            "count": 4
        },
        "ChaserAgent.Policy.ExtrinsicValueEstimate.sum": {
            "value": 165.2281036376953,
            "min": 152.64146423339844,
            "max": 193.35105895996094,
            "count": 4
        },
        "ChaserAgent.Environment.CumulativeReward.mean": {
            "value": 7.5,
            "min": 6.36,
            "max": 8.20754716981132,
            "count": 4
        },
        "ChaserAgent.Environment.CumulativeReward.sum": {
            "value": 367.5,
            "min": 318.0,
            "max": 491.5,
            "count": 4
        },
        "ChaserAgent.Policy.ExtrinsicReward.mean": {
            "value": 7.5,
            "min": 6.36,
            "max": 8.20754716981132,
            "count": 4
        },
        "ChaserAgent.Policy.ExtrinsicReward.sum": {
            "value": 367.5,
            "min": 318.0,
            "max": 491.5,
            "count": 4
        },
        "ChaserAgent.IsTraining.mean": {
            "value": 1.0,
            "min": 1.0,
            "max": 1.0,
            "count": 4
        },
        "ChaserAgent.IsTraining.sum": {
            "value": 1.0,
            "min": 1.0,
            "max": 1.0,
            "count": 4
        },
        "ChaserAgent.Losses.PolicyLoss.mean": {
            "value": 0.04203865509236141,
            "min": 0.04203865509236141,
            "max": 0.04203865509236141,
            "count": 1
        },
        "ChaserAgent.Losses.PolicyLoss.sum": {
            "value": 0.04203865509236141,
            "min": 0.04203865509236141,
            "max": 0.04203865509236141,
            "count": 1
        },
        "ChaserAgent.Losses.ValueLoss.mean": {
            "value": 1.4185462332540943,
            "min": 1.4185462332540943,
            "max": 1.4185462332540943,
            "count": 1
        },
        "ChaserAgent.Losses.ValueLoss.sum": {
            "value": 1.4185462332540943,
            "min": 1.4185462332540943,
            "max": 1.4185462332540943,
            "count": 1
        },
        "ChaserAgent.Policy.LearningRate.mean": {
            "value": 7.32375755875e-05,
            "min": 7.32375755875e-05,
            "max": 7.32375755875e-05,
            "count": 1
        },
        "ChaserAgent.Policy.LearningRate.sum": {
            "value": 7.32375755875e-05,
            "min": 7.32375755875e-05,
            "max": 7.32375755875e-05,
            "count": 1
        },
        "ChaserAgent.Policy.Epsilon.mean": {
            "value": 0.12441250000000001,
            "min": 0.12441250000000001,
            "max": 0.12441250000000001,
            "count": 1
        },
        "ChaserAgent.Policy.Epsilon.sum": {
            "value": 0.12441250000000001,
            "min": 0.12441250000000001,
            "max": 0.12441250000000001,
            "count": 1
        },
        "ChaserAgent.Policy.Beta.mean": {
            "value": 0.004999999999999999,
            "min": 0.004999999999999999,
            "max": 0.004999999999999999,
            "count": 1
        },
        "ChaserAgent.Policy.Beta.sum": {
            "value": 0.004999999999999999,
            "min": 0.004999999999999999,
            "max": 0.004999999999999999,
            "count": 1
        }
    },
    "metadata": {
        "timer_format_version": "0.1.0",
        "start_time_seconds": "1686727101",
        "python_version": "3.9.13 (main, Aug 25 2022, 23:51:50) [MSC v.1916 64 bit (AMD64)]",
        "command_line_arguments": "C:\\Users\\Gebruiker\\anaconda3\\Scripts\\mlagents-learn ChaserAgent.yaml --run-id=test1 --resume",
        "mlagents_version": "0.30.0",
        "mlagents_envs_version": "0.30.0",
        "communication_protocol_version": "1.5.0",
        "pytorch_version": "1.7.1+cu110",
        "numpy_version": "1.21.2",
        "end_time_seconds": "1686727995"
    },
    "total": 894.4047706,
    "count": 1,
    "self": 0.016486299999996845,
    "children": {
        "run_training.setup": {
            "total": 0.8231335000000009,
            "count": 1,
            "self": 0.8231335000000009
        },
        "TrainerController.start_learning": {
            "total": 893.5651508,
            "count": 1,
            "self": 1.1093870999962974,
            "children": {
                "TrainerController._reset_env": {
                    "total": 66.3515395,
                    "count": 1,
                    "self": 66.3515395
                },
                "TrainerController.advance": {
                    "total": 825.9530735000036,
                    "count": 20734,
                    "self": 1.0344671999982893,
                    "children": {
                        "env_step": {
                            "total": 795.9005867000023,
                            "count": 20734,
                            "self": 739.8279803000046,
                            "children": {
                                "SubprocessEnvManager._take_step": {
                                    "total": 55.26189210000095,
                                    "count": 20734,
                                    "self": 3.0738017000034574,
                                    "children": {
                                        "TorchPolicy.evaluate": {
                                            "total": 52.18809039999749,
                                            "count": 20526,
                                            "self": 52.18809039999749
                                        }
                                    }
                                },
                                "workers": {
                                    "total": 0.8107142999968318,
                                    "count": 20733,
                                    "self": 0.0,
                                    "children": {
                                        "worker_root": {
                                            "total": 765.9630051999923,
                                            "count": 20733,
                                            "is_parallel": true,
                                            "self": 156.43349759998716,
                                            "children": {
                                                "steps_from_proto": {
                                                    "total": 0.0006604000000010046,
                                                    "count": 1,
                                                    "is_parallel": true,
                                                    "self": 0.0003220999999982155,